{
    "skinWeights":[1,0,1,0,1,0,1,0,1,0,1,0,1,0,1,0,1,0,1,0,1,0,1,0,1,0,1,0,1,0,1,0,1,0,1,0,1,0,1,0,1,0,1,0,1,0,1,0,1,0,1,0,1,0,1,0,1,0,1,0,1,0,1,0,1,0,1,0,1,0,1,0,1,0,1,0,1,0,1,0,1,0,1,0,1,0,1,0,1,0,1,0,1,0,1,0,1,0,1,0,1,0,1,0,1,0,1,0,1,0,1,0],
    "metadata":{
        "uvs":0,
        "vertices":56,
        "type":"Geometry",
        "generator":"io_three",
        "normals":34,
        "version":3,
        "morphTargets":0,
        "materials":0,
        "faces":38,
        "bones":6
    },
    "uvs":[],
    "vertices":[-1.57163,7.41778,1.83944,-1.57163,9.02178,1.83944,-1.59114,7.41778,0.235554,-1.59114,9.02178,0.235554,0.032254,7.41778,1.81993,0.032254,9.02178,1.81993,0.012744,7.41778,0.216044,0.012744,9.02178,0.216044,-1.05232,5.08554,0.229604,-1.0655,7.4111,0.229604,-1.05232,5.08554,-0.543982,-1.0655,7.4111,-0.543982,-0.380766,5.08935,0.229604,-0.393943,7.41491,0.229604,-0.380766,5.08935,-0.543982,-0.393942,7.41491,-0.543982,-1.04148,5.08575,2.59097,-1.06128,7.41126,2.59536,-1.04673,5.08714,1.82825,-1.06653,7.41265,1.83264,-0.387312,5.09133,2.58647,-0.40711,7.41683,2.59086,-0.392564,5.09272,1.82376,-0.412362,7.41823,1.82815,-1.10874,2.73399,1.80172,-1.11492,5.46823,1.80172,-1.10874,2.73399,1.08355,-1.11492,5.46823,1.08355,-0.402735,2.73559,1.80172,-0.40892,5.46983,1.80172,-0.402735,2.73559,1.08355,-0.40892,5.46983,1.08355,-1.10874,2.73399,1.08355,-1.11492,5.46823,1.08355,-0.402735,2.73559,1.08355,-0.40892,5.46983,1.08355,-1.10582,2.73362,0.971585,-1.11528,5.46786,0.971585,-1.10582,2.73362,0.253411,-1.11528,5.46786,0.253411,-0.399824,2.73607,0.971585,-0.40928,5.4703,0.971585,-0.399824,2.73607,0.253411,-0.40928,5.4703,0.253411,-1.10582,2.73362,0.253411,-1.11528,5.46786,0.253411,-0.399824,2.73607,0.253411,-0.40928,5.4703,0.253411,-1.22671,5.47057,1.80226,-1.22671,7.41687,1.80226,-1.22671,5.47057,0.248118,-1.22671,7.41687,0.248118,-0.346496,5.47057,1.80226,-0.346496,7.41687,1.80226,-0.346496,5.47057,0.248118,-0.346496,7.41687,0.248118],
    "faces":[35,0,1,3,2,0,0,0,0,0,35,2,3,7,6,0,1,1,1,1,35,6,7,5,4,0,2,2,2,2,35,1,0,4,5,0,3,3,3,3,35,4,0,2,6,0,4,4,4,4,35,7,3,1,5,0,5,5,5,5,35,8,9,11,10,0,6,6,6,6,35,10,11,15,14,0,7,7,7,7,35,14,15,13,12,0,8,8,8,8,35,12,13,9,8,0,9,9,9,9,35,10,14,12,8,0,10,10,10,10,35,15,11,9,13,0,11,11,11,11,35,16,17,19,18,0,12,12,12,12,35,18,19,23,22,0,13,13,13,13,35,22,23,21,20,0,14,14,14,14,35,20,21,17,16,0,15,15,15,15,35,18,22,20,16,0,16,16,16,16,35,23,19,17,21,0,17,17,17,17,35,24,25,27,26,0,18,18,18,18,35,26,27,31,30,0,19,19,19,19,35,30,31,29,28,0,20,20,20,20,35,28,29,25,24,0,21,21,21,21,35,26,30,28,24,0,22,22,22,22,35,31,27,25,29,0,23,23,23,23,35,32,33,35,34,0,19,19,19,19,35,36,37,39,38,0,24,24,24,24,35,38,39,43,42,0,25,25,25,25,35,42,43,41,40,0,26,26,26,26,35,40,41,37,36,0,27,27,27,27,35,38,42,40,36,0,28,28,28,28,35,43,39,37,41,0,29,29,29,29,35,44,45,47,46,0,25,25,25,25,35,48,49,51,50,0,30,30,30,30,35,50,51,55,54,0,31,31,31,31,35,54,55,53,52,0,32,32,32,32,35,52,53,49,48,0,21,21,21,21,35,50,54,52,48,0,33,33,33,33,35,55,51,49,53,0,5,5,5,5],
    "skinIndices":[5,0,5,0,5,0,5,0,5,0,5,0,5,0,5,0,0,0,0,0,0,0,0,0,0,0,0,0,0,0,0,0,1,0,1,0,1,0,1,0,1,0,1,0,1,0,1,0,3,0,3,0,3,0,3,0,3,0,3,0,3,0,3,0,3,0,3,0,3,0,3,0,4,0,4,0,4,0,4,0,4,0,4,0,4,0,4,0,4,0,4,0,4,0,4,0,2,0,2,0,2,0,2,0,2,0,2,0,2,0,2,0],
    "animations":[{
        "length":1.625,
        "hierarchy":[{
            "parent":-1,
            "keys":[{
                "scl":[1,1,1],
                "pos":[-0.79932,7.1974,-0.124257],
                "rot":[0,0,-0.334758,0.942304],
                "time":0
            },{
                "scl":[1,1,1],
                "pos":[-0.79932,7.1974,-0.124257],
                "rot":[0,0,-0.305192,0.952291],
                "time":1.625
            }]
        },{
            "parent":0,
            "keys":[{
                "scl":[1,1,1],
                "pos":[-0.79932,7.1974,2.18338],
                "rot":[0.001788,-0.000475,0.259598,0.965715],
                "time":0
            },{
                "scl":[1,1,1],
                "pos":[-0.79932,7.1974,2.18338],
                "rot":[0.001973,-0.000524,0.286511,0.958075],
                "time":1.625
            }]
        },{
            "parent":1,
            "keys":[{
                "scl":[0,0,0],
                "pos":[-0.79932,7.2095,1.02956],
                "rot":[0,0,-0,1],
                "time":0
            },{
                "scl":[0,0,0],
                "pos":[-0.79932,7.2095,1.02956],
                "rot":[0,0,-0,1],
                "time":1.625
            }]
        },{
            "parent":2,
            "keys":[{
                "scl":[1,1,1],
                "pos":[-0.79932,5.16912,1.44137],
                "rot":[0,0,-0.283014,0.959116],
                "time":0
            },{
                "scl":[1,1,1],
                "pos":[-0.79932,5.16912,1.44137],
                "rot":[0,0,-0.234635,0.972084],
                "time":1.625
            }]
        },{
            "parent":3,
            "keys":[{
                "scl":[1,1,1],
                "pos":[-0.79932,5.16912,0.597518],
                "rot":[0,0,0.217116,0.976146],
                "time":0
            },{
                "scl":[1,1,1],
                "pos":[-0.79932,5.16912,0.597518],
                "rot":[0,0,0.217757,0.976003],
                "time":1.625
            }]
        },{
            "parent":4,
            "keys":[{
                "scl":[1,1,1],
                "pos":[-0.79932,7.69184,1.02956],
                "rot":[-0,-0.083309,-0,0.996524],
                "time":0
            },{
                "scl":[1,1,1],
                "pos":[-0.79932,7.69184,1.02956],
                "rot":[0,-0.08514,-0,0.996369],
                "time":1.625
            }]
        }],
        "name":"Armature.001Action",
        "fps":24
    },{
        "length":1,
        "hierarchy":[{
            "parent":-1,
            "keys":[{
                "scl":[1,1,1],
                "pos":[-0.79932,7.1974,-0.124257],
                "rot":[0,-0,0.002833,0.999996],
                "time":0
            },{
                "scl":[1,1,1],
                "pos":[-0.79932,7.1974,-0.124257],
                "rot":[0,-0,0.002833,0.999996],
                "time":1
            }]
        },{
            "parent":0,
            "keys":[{
                "scl":[1,1,1],
                "pos":[-0.79932,7.1974,2.18338],
                "rot":[0.000929,0.003439,0.00426,0.999985],
                "time":0
            },{
                "scl":[1,1,1],
                "pos":[-0.79932,7.1974,2.18338],
                "rot":[0.001962,0.002973,0.318343,0.947969],
                "time":1
            }]
        },{
            "parent":1,
            "keys":[{
                "scl":[0,0,0],
                "pos":[-0.79932,7.2095,1.02956],
                "rot":[0,0,-0,1],
                "time":0
            },{
                "scl":[0,0,0],
                "pos":[-0.79932,7.2095,1.02956],
                "rot":[0,0,-0,1],
                "time":1
            }]
        },{
            "parent":2,
            "keys":[{
                "scl":[1,1,1],
                "pos":[-0.79932,5.16912,1.44137],
                "rot":[0,-0,0.001131,0.999999],
                "time":0
            },{
                "scl":[1,1,1],
                "pos":[-0.79932,5.16912,1.44137],
                "rot":[0,-0,0.001131,0.999999],
                "time":1
            }]
        },{
            "parent":3,
            "keys":[{
                "scl":[1,1,1],
                "pos":[-0.79932,5.16912,0.597518],
                "rot":[0,0,0.001729,0.999999],
                "time":0
            },{
                "scl":[1,1,1],
                "pos":[-0.79932,5.16912,0.597518],
                "rot":[0,0,0.001729,0.999999],
                "time":1
            }]
        },{
            "parent":4,
            "keys":[{
                "scl":[1,1,1],
                "pos":[-0.79932,7.69184,1.02956],
                "rot":[0,0.006082,0,0.999982],